date,ltp
2021-01-21 09:15:00,32695.1
2021-01-21 09:16:00,32690.2
2021-01-21 09:17:00,32713.75
2021-01-21 09:18:00,32721.35
2021-01-21 09:19:00,32712.6
2021-01-21 09:20:00,32702.2
2021-01-21 09:21:00,32704.15
2021-01-21 09:22:00,32714.95
2021-01-21 09:23:00,32697.75
2021-01-21 09:24:00,32709.05
2021-01-21 09:25:00,32699.9
2021-01-21 09:26:00,32706.1
2021-01-21 09:27:00,32704.7
2021-01-21 09:28:00,32714.85
2021-01-21 09:29:00,32704.2
2021-01-21 09:30:00,32698.6
2021-01-21 09:31:00,32707.55
2021-01-21 09:32:00,32698.3
2021-01-21 09:33:00,32696.65
2021-01-21 09:34:00,32711.05
2021-01-21 09:35:00,32690.9
2021-01-21 09:36:00,32717.2
2021-01-21 09:37:00,32723.9
2021-01-21 09:38:00,32726.15
2021-01-21 09:39:00,32720.45
2021-01-21 09:40:00,32722.5
2021-01-21 09:41:00,32710.8
2021-01-21 09:42:00,32717.35
2021-01-21 09:43:00,32711.55
2021-01-21 09:44:00,32687.2
2021-01-21 09:45:00,32689.45
2021-01-21 09:46:00,32707.9
2021-01-21 09:47:00,32694.75
2021-01-21 09:48:00,32704.0
2021-01-21 09:49:00,32700.4
2021-01-21 09:50:00,32700.15
2021-01-21 09:51:00,32705.7
2021-01-21 09:52:00,32690.0
2021-01-21 09:53:00,32697.9
2021-01-21 09:54:00,32701.1
2021-01-21 09:55:00,32714.45
2021-01-21 09:56:00,32701.05
2021-01-21 09:57:00,32691.75
2021-01-21 09:58:00,32700.7
2021-01-21 09:59:00,32687.3
2021-01-21 10:00:00,32689.7
2021-01-21 10:01:00,32694.75
2021-01-21 10:02:00,32693.05
2021-01-21 10:03:00,32692.2
2021-01-21 10:04:00,32712.0
2021-01-21 10:05:00,32708.8
2021-01-21 10:06:00,32711.9
2021-01-21 10:07:00,32710.8
2021-01-21 10:08:00,32714.4
2021-01-21 10:09:00,32708.5
2021-01-21 10:10:00,32708.0
2021-01-21 10:11:00,32694.65
2021-01-21 10:12:00,32698.1
2021-01-21 10:13:00,32711.15
2021-01-21 10:14:00,32700.25
2021-01-21 10:15:00,32694.85
2021-01-21 10:16:00,32677.5
2021-01-21 10:17:00,32677.05
2021-01-21 10:18:00,32678.5
2021-01-21 10:19:00,32690.35
2021-01-21 10:20:00,32675.85
2021-01-21 10:21:00,32672.85
2021-01-21 10:22:00,32676.7
2021-01-21 10:23:00,32668.2
2021-01-21 10:24:00,32660.6
2021-01-21 10:25:00,32671.3
2021-01-21 10:26:00,32669.15
2021-01-21 10:27:00,32670.0
2021-01-21 10:28:00,32671.4
2021-01-21 10:29:00,32668.25
2021-01-21 10:30:00,32660.65
2021-01-21 10:31:00,32660.35
2021-01-21 10:32:00,32678.45
2021-01-21 10:33:00,32685.6
2021-01-21 10:34:00,32673.15
2021-01-21 10:35:00,32670.5
2021-01-21 10:36:00,32678.0
2021-01-21 10:37:00,32673.35
2021-01-21 10:38:00,32673.25
2021-01-21 10:39:00,32666.35
2021-01-21 10:40:00,32660.85
2021-01-21 10:41:00,32653.85
2021-01-21 10:42:00,32662.35
2021-01-21 10:43:00,32655.65
2021-01-21 10:44:00,32667.9
2021-01-21 10:45:00,32669.7
2021-01-21 10:46:00,32654.05
2021-01-21 10:47:00,32659.85
2021-01-21 10:48:00,32649.6
2021-01-21 10:49:00,32656.75
2021-01-21 10:50:00,32659.45
2021-01-21 10:51:00,32656.1
2021-01-21 10:52:00,32661.8
2021-01-21 10:53:00,32652.4
2021-01-21 10:54:00,32648.6
2021-01-21 10:55:00,32686.85
2021-01-21 10:56:00,32687.55
2021-01-21 10:57:00,32696.25
2021-01-21 10:58:00,32699.35
2021-01-21 10:59:00,32701.1
2021-01-21 11:00:00,32714.5
2021-01-21 11:01:00,32719.45
2021-01-21 11:02:00,32709.65
2021-01-21 11:03:00,32696.4
2021-01-21 11:04:00,32705.3
2021-01-21 11:05:00,32706.3
2021-01-21 11:06:00,32700.55
2021-01-21 11:07:00,32722.9
2021-01-21 11:08:00,32721.8
2021-01-21 11:09:00,32729.75
2021-01-21 11:10:00,32718.25
2021-01-21 11:11:00,32723.0
2021-01-21 11:12:00,32737.2
2021-01-21 11:13:00,32723.8
2021-01-21 11:14:00,32731.2
2021-01-21 11:15:00,32728.55
2021-01-21 11:16:00,32724.4
2021-01-21 11:17:00,32726.45
2021-01-21 11:18:00,32715.05
2021-01-21 11:19:00,32702.7
2021-01-21 11:20:00,32703.9
2021-01-21 11:21:00,32713.7
2021-01-21 11:22:00,32723.15
2021-01-21 11:23:00,32721.55
2021-01-21 11:24:00,32717.05
2021-01-21 11:25:00,32709.25
2021-01-21 11:26:00,32707.6
2021-01-21 11:27:00,32714.3
2021-01-21 11:28:00,32723.25
2021-01-21 11:29:00,32726.05
2021-01-21 11:30:00,32730.7
2021-01-21 11:31:00,32720.4
2021-01-21 11:32:00,32719.7
2021-01-21 11:33:00,32714.0
2021-01-21 11:34:00,32720.55
2021-01-21 11:35:00,32722.45
2021-01-21 11:36:00,32713.25
2021-01-21 11:37:00,32720.8
2021-01-21 11:38:00,32721.7
2021-01-21 11:39:00,32722.5
2021-01-21 11:40:00,32718.45
2021-01-21 11:41:00,32718.05
2021-01-21 11:42:00,32712.5
2021-01-21 11:43:00,32724.4
2021-01-21 11:44:00,32691.9
2021-01-21 11:45:00,32685.15
2021-01-21 11:46:00,32706.0
2021-01-21 11:47:00,32717.3
2021-01-21 11:48:00,32716.75
2021-01-21 11:49:00,32719.4
2021-01-21 11:50:00,32724.65
2021-01-21 11:51:00,32732.85
2021-01-21 11:52:00,32725.35
2021-01-21 11:53:00,32722.55
2021-01-21 11:54:00,32721.65
2021-01-21 11:55:00,32713.1
2021-01-21 11:56:00,32708.2
2021-01-21 11:57:00,32716.8
2021-01-21 11:58:00,32717.8
2021-01-21 11:59:00,32722.5
2021-01-21 12:00:00,32722.05
2021-01-21 12:01:00,32709.3
2021-01-21 12:02:00,32713.1
2021-01-21 12:03:00,32720.55
2021-01-21 12:04:00,32708.25
2021-01-21 12:05:00,32721.5
2021-01-21 12:06:00,32721.75
2021-01-21 12:07:00,32722.7
2021-01-21 12:08:00,32721.2
2021-01-21 12:09:00,32714.45
2021-01-21 12:10:00,32712.3
2021-01-21 12:11:00,32705.6
2021-01-21 12:12:00,32710.75
2021-01-21 12:13:00,32719.55
2021-01-21 12:14:00,32724.3
2021-01-21 12:15:00,32734.0
2021-01-21 12:16:00,32740.1
2021-01-21 12:17:00,32764.75
2021-01-21 12:18:00,32771.1
2021-01-21 12:19:00,32772.0
2021-01-21 12:20:00,32785.1
2021-01-21 12:21:00,32770.35
2021-01-21 12:22:00,32777.15
2021-01-21 12:23:00,32775.05
2021-01-21 12:24:00,32803.3
2021-01-21 12:25:00,32805.75
2021-01-21 12:26:00,32794.25
2021-01-21 12:27:00,32806.65
2021-01-21 12:28:00,32803.65
2021-01-21 12:29:00,32799.75
2021-01-21 12:30:00,32793.55
2021-01-21 12:31:00,32801.1
2021-01-21 12:32:00,32822.3
2021-01-21 12:33:00,32823.4
2021-01-21 12:34:00,32832.1
2021-01-21 12:35:00,32838.6
2021-01-21 12:36:00,32826.4
2021-01-21 12:37:00,32833.55
2021-01-21 12:38:00,32820.75
2021-01-21 12:39:00,32833.9
2021-01-21 12:40:00,32817.9
2021-01-21 12:41:00,32792.5
2021-01-21 12:42:00,32805.75
2021-01-21 12:43:00,32806.1
2021-01-21 12:44:00,32794.35
2021-01-21 12:45:00,32791.0
2021-01-21 12:46:00,32795.55
2021-01-21 12:47:00,32794.65
2021-01-21 12:48:00,32810.0
2021-01-21 12:49:00,32822.15
2021-01-21 12:50:00,32810.6
2021-01-21 12:51:00,32814.0
2021-01-21 12:52:00,32820.5
2021-01-21 12:53:00,32813.55
2021-01-21 12:54:00,32805.6
2021-01-21 12:55:00,32794.15
2021-01-21 12:56:00,32785.95
2021-01-21 12:57:00,32789.15
2021-01-21 12:58:00,32781.7
2021-01-21 12:59:00,32765.35
2021-01-21 13:00:00,32751.05
2021-01-21 13:01:00,32775.55
2021-01-21 13:02:00,32786.6
2021-01-21 13:03:00,32785.7
2021-01-21 13:04:00,32770.2
2021-01-21 13:05:00,32768.4
2021-01-21 13:06:00,32761.0
2021-01-21 13:07:00,32762.35
2021-01-21 13:08:00,32755.3
2021-01-21 13:09:00,32773.35
2021-01-21 13:10:00,32762.6
2021-01-21 13:11:00,32766.9
2021-01-21 13:12:00,32772.25
2021-01-21 13:13:00,32779.6
2021-01-21 13:14:00,32790.15
2021-01-21 13:15:00,32797.25
2021-01-21 13:16:00,32787.8
2021-01-21 13:17:00,32782.9
2021-01-21 13:18:00,32788.1
2021-01-21 13:19:00,32783.5
2021-01-21 13:20:00,32771.95
2021-01-21 13:21:00,32781.95
2021-01-21 13:22:00,32788.65
2021-01-21 13:23:00,32782.85
2021-01-21 13:24:00,32788.05
2021-01-21 13:25:00,32790.0
2021-01-21 13:26:00,32799.0
2021-01-21 13:27:00,32789.75
2021-01-21 13:28:00,32793.4
2021-01-21 13:29:00,32803.55
2021-01-21 13:30:00,32796.85
2021-01-21 13:31:00,32791.2
2021-01-21 13:32:00,32773.95
2021-01-21 13:33:00,32775.35
2021-01-21 13:34:00,32768.25
2021-01-21 13:35:00,32777.95
2021-01-21 13:36:00,32781.7
2021-01-21 13:37:00,32761.9
2021-01-21 13:38:00,32762.2
2021-01-21 13:39:00,32760.85
2021-01-21 13:40:00,32746.95
2021-01-21 13:41:00,32752.95
2021-01-21 13:42:00,32767.25
2021-01-21 13:43:00,32766.25
2021-01-21 13:44:00,32763.3
2021-01-21 13:45:00,32761.4
2021-01-21 13:46:00,32760.0
2021-01-21 13:47:00,32759.65
2021-01-21 13:48:00,32731.7
2021-01-21 13:49:00,32704.1
2021-01-21 13:50:00,32713.2
2021-01-21 13:51:00,32719.7
2021-01-21 13:52:00,32721.65
2021-01-21 13:53:00,32707.15
2021-01-21 13:54:00,32706.85
2021-01-21 13:55:00,32712.0
2021-01-21 13:56:00,32721.1
2021-01-21 13:57:00,32720.75
2021-01-21 13:58:00,32705.75
2021-01-21 13:59:00,32701.25
2021-01-21 14:00:00,32702.85
2021-01-21 14:01:00,32696.95
2021-01-21 14:02:00,32696.6
2021-01-21 14:03:00,32696.7
2021-01-21 14:04:00,32678.55
2021-01-21 14:05:00,32659.45
2021-01-21 14:06:00,32644.05
2021-01-21 14:07:00,32638.9
2021-01-21 14:08:00,32637.75
2021-01-21 14:09:00,32642.75
2021-01-21 14:10:00,32624.8
2021-01-21 14:11:00,32629.4
2021-01-21 14:12:00,32612.1
2021-01-21 14:13:00,32590.6
2021-01-21 14:14:00,32559.55
2021-01-21 14:15:00,32565.1
2021-01-21 14:16:00,32588.25
2021-01-21 14:17:00,32624.3
2021-01-21 14:18:00,32623.0
2021-01-21 14:19:00,32615.25
2021-01-21 14:20:00,32631.95
2021-01-21 14:21:00,32631.4
2021-01-21 14:22:00,32637.45
2021-01-21 14:23:00,32646.6
2021-01-21 14:24:00,32625.45
2021-01-21 14:25:00,32637.35
2021-01-21 14:26:00,32637.2
2021-01-21 14:27:00,32629.6
2021-01-21 14:28:00,32601.3
2021-01-21 14:29:00,32607.05
2021-01-21 14:30:00,32593.0
2021-01-21 14:31:00,32589.5
2021-01-21 14:32:00,32569.15
2021-01-21 14:33:00,32554.75
2021-01-21 14:34:00,32568.55
2021-01-21 14:35:00,32584.3
2021-01-21 14:36:00,32587.1
2021-01-21 14:37:00,32556.75
2021-01-21 14:38:00,32548.7
2021-01-21 14:39:00,32569.0
2021-01-21 14:40:00,32564.45
2021-01-21 14:41:00,32553.25
2021-01-21 14:42:00,32528.8
2021-01-21 14:43:00,32494.55
2021-01-21 14:44:00,32466.8
2021-01-21 14:45:00,32450.85
2021-01-21 14:46:00,32496.0
2021-01-21 14:47:00,32481.95
2021-01-21 14:48:00,32431.3
2021-01-21 14:49:00,32355.65
2021-01-21 14:50:00,32352.5
2021-01-21 14:51:00,32403.55
2021-01-21 14:52:00,32425.6
2021-01-21 14:53:00,32404.65
2021-01-21 14:54:00,32413.7
2021-01-21 14:55:00,32388.35
2021-01-21 14:56:00,32401.65
2021-01-21 14:57:00,32387.6
2021-01-21 14:58:00,32366.0
2021-01-21 14:59:00,32382.3
2021-01-21 15:00:00,32361.8
2021-01-21 15:01:00,32340.85
2021-01-21 15:02:00,32342.55
2021-01-21 15:03:00,32355.25
2021-01-21 15:04:00,32287.6
2021-01-21 15:05:00,32201.4
2021-01-21 15:06:00,32114.4
2021-01-21 15:07:00,32098.55
2021-01-21 15:08:00,32112.25
2021-01-21 15:09:00,32027.75
2021-01-21 15:10:00,32062.25
2021-01-21 15:11:00,32133.25
2021-01-21 15:12:00,32115.6
2021-01-21 15:13:00,32141.85
2021-01-21 15:14:00,32147.2
2021-01-21 15:15:00,32137.25
2021-01-21 15:16:00,32162.95
2021-01-21 15:17:00,32213.95
2021-01-21 15:18:00,32300.25
2021-01-21 15:19:00,32275.85
2021-01-21 15:20:00,32270.1
2021-01-21 15:21:00,32267.25
2021-01-21 15:22:00,32265.4
2021-01-21 15:23:00,32269.05
2021-01-21 15:24:00,32269.95
2021-01-21 15:25:00,32264.2
2021-01-21 15:26:00,32284.7
2021-01-21 15:27:00,32290.85
2021-01-21 15:28:00,32273.5
2021-01-21 15:29:00,32291.05
2021-01-22 09:15:00,31954.15
2021-01-22 09:16:00,31954.3
2021-01-22 09:17:00,31952.25
2021-01-22 09:18:00,32009.5
2021-01-22 09:19:00,32035.6
2021-01-22 09:20:00,32015.05
2021-01-22 09:21:00,31969.95
2021-01-22 09:22:00,32008.35
2021-01-22 09:23:00,32015.4
2021-01-22 09:24:00,32066.35
2021-01-22 09:25:00,32071.85
2021-01-22 09:26:00,32006.65
2021-01-22 09:27:00,31989.6
2021-01-22 09:28:00,31949.8
2021-01-22 09:29:00,31892.8
2021-01-22 09:30:00,31884.1
2021-01-22 09:31:00,31882.85
2021-01-22 09:32:00,31860.65
2021-01-22 09:33:00,31877.55
2021-01-22 09:34:00,31854.2
2021-01-22 09:35:00,31874.2
2021-01-22 09:36:00,31891.75
2021-01-22 09:37:00,31899.2
2021-01-22 09:38:00,31921.5
2021-01-22 09:39:00,31919.15
2021-01-22 09:40:00,31946.6
2021-01-22 09:41:00,31907.65
2021-01-22 09:42:00,31917.2
2021-01-22 09:43:00,31917.75
2021-01-22 09:44:00,31908.95
2021-01-22 09:45:00,31939.0
2021-01-22 09:46:00,31938.85
2021-01-22 09:47:00,31943.3
2021-01-22 09:48:00,31950.3
2021-01-22 09:49:00,31954.55
2021-01-22 09:50:00,31929.0
2021-01-22 09:51:00,31941.7
2021-01-22 09:52:00,31957.1
2021-01-22 09:53:00,31969.1
2021-01-22 09:54:00,31961.3
2021-01-22 09:55:00,31967.5
2021-01-22 09:56:00,31949.8
2021-01-22 09:57:00,31921.6
2021-01-22 09:58:00,31924.0
2021-01-22 09:59:00,31932.65
2021-01-22 10:00:00,31927.35
2021-01-22 10:01:00,31908.55
2021-01-22 10:02:00,31920.7
2021-01-22 10:03:00,31903.5
2021-01-22 10:04:00,31903.75
2021-01-22 10:05:00,31904.65
2021-01-22 10:06:00,31863.75
2021-01-22 10:07:00,31869.95
2021-01-22 10:08:00,31877.35
2021-01-22 10:09:00,31876.65
2021-01-22 10:10:00,31869.55
2021-01-22 10:11:00,31875.3
2021-01-22 10:12:00,31901.15
2021-01-22 10:13:00,31900.65
2021-01-22 10:14:00,31924.9
2021-01-22 10:15:00,31979.9
2021-01-22 10:16:00,31929.45
2021-01-22 10:17:00,31922.7
2021-01-22 10:18:00,31912.0
2021-01-22 10:19:00,31903.9
2021-01-22 10:20:00,31868.35
2021-01-22 10:21:00,31818.85
2021-01-22 10:22:00,31823.3
2021-01-22 10:23:00,31739.9
2021-01-22 10:24:00,31764.35
2021-01-22 10:25:00,31703.8
2021-01-22 10:26:00,31740.85
2021-01-22 10:27:00,31750.5
2021-01-22 10:28:00,31772.5
2021-01-22 10:29:00,31773.2
2021-01-22 10:30:00,31797.9
2021-01-22 10:31:00,31811.35
2021-01-22 10:32:00,31817.2
2021-01-22 10:33:00,31816.15
2021-01-22 10:34:00,31822.5
2021-01-22 10:35:00,31834.65
2021-01-22 10:36:00,31811.5
2021-01-22 10:37:00,31770.45
2021-01-22 10:38:00,31796.1
2021-01-22 10:39:00,31795.55
2021-01-22 10:40:00,31826.0
2021-01-22 10:41:00,31822.0
2021-01-22 10:42:00,31819.3
2021-01-22 10:43:00,31820.0
2021-01-22 10:44:00,31833.15
2021-01-22 10:45:00,31813.65
2021-01-22 10:46:00,31822.15
2021-01-22 10:47:00,31821.55
2021-01-22 10:48:00,31823.7
2021-01-22 10:49:00,31816.5
2021-01-22 10:50:00,31800.1
2021-01-22 10:51:00,31816.5
2021-01-22 10:52:00,31816.6
2021-01-22 10:53:00,31835.65
2021-01-22 10:54:00,31847.0
2021-01-22 10:55:00,31806.7
2021-01-22 10:56:00,31798.3
2021-01-22 10:57:00,31789.9
2021-01-22 10:58:00,31788.8
2021-01-22 10:59:00,31771.2
2021-01-22 11:00:00,31768.9
2021-01-22 11:01:00,31776.8
2021-01-22 11:02:00,31781.0
2021-01-22 11:03:00,31814.45
2021-01-22 11:04:00,31813.4
2021-01-22 11:05:00,31804.1
2021-01-22 11:06:00,31796.25
2021-01-22 11:07:00,31752.45
2021-01-22 11:08:00,31776.4
2021-01-22 11:09:00,31757.75
2021-01-22 11:10:00,31750.5
2021-01-22 11:11:00,31751.1
2021-01-22 11:12:00,31741.6
2021-01-22 11:13:00,31751.85
2021-01-22 11:14:00,31746.7
2021-01-22 11:15:00,31741.15
2021-01-22 11:16:00,31708.65
2021-01-22 11:17:00,31716.25
2021-01-22 11:18:00,31729.5
2021-01-22 11:19:00,31686.2
2021-01-22 11:20:00,31697.7
2021-01-22 11:21:00,31694.9
2021-01-22 11:22:00,31645.1
2021-01-22 11:23:00,31651.55
2021-01-22 11:24:00,31600.1
2021-01-22 11:25:00,31588.35
2021-01-22 11:26:00,31641.3
2021-01-22 11:27:00,31661.75
2021-01-22 11:28:00,31678.55
2021-01-22 11:29:00,31669.1
2021-01-22 11:30:00,31614.85
2021-01-22 11:31:00,31618.45
2021-01-22 11:32:00,31620.75
2021-01-22 11:33:00,31635.35
2021-01-22 11:34:00,31651.5
2021-01-22 11:35:00,31684.25
2021-01-22 11:36:00,31697.3
2021-01-22 11:37:00,31672.25
2021-01-22 11:38:00,31656.9
2021-01-22 11:39:00,31637.25
2021-01-22 11:40:00,31622.75
2021-01-22 11:41:00,31613.25
2021-01-22 11:42:00,31609.55
2021-01-22 11:43:00,31657.65
2021-01-22 11:44:00,31637.9
2021-01-22 11:45:00,31634.9
2021-01-22 11:46:00,31647.5
2021-01-22 11:47:00,31638.4
2021-01-22 11:48:00,31632.25
2021-01-22 11:49:00,31650.4
2021-01-22 11:50:00,31639.1
2021-01-22 11:51:00,31655.65
2021-01-22 11:52:00,31663.85
2021-01-22 11:53:00,31670.8
2021-01-22 11:54:00,31674.5
2021-01-22 11:55:00,31675.65
2021-01-22 11:56:00,31670.05
2021-01-22 11:57:00,31671.7
2021-01-22 11:58:00,31672.85
2021-01-22 11:59:00,31700.55
2021-01-22 12:00:00,31677.0
2021-01-22 12:01:00,31649.65
2021-01-22 12:02:00,31628.6
2021-01-22 12:03:00,31622.05
2021-01-22 12:04:00,31641.1
2021-01-22 12:05:00,31620.4
2021-01-22 12:06:00,31629.05
2021-01-22 12:07:00,31616.85
2021-01-22 12:08:00,31605.9
2021-01-22 12:09:00,31596.75
2021-01-22 12:10:00,31559.0
2021-01-22 12:11:00,31577.85
2021-01-22 12:12:00,31587.8
2021-01-22 12:13:00,31620.45
2021-01-22 12:14:00,31628.7
2021-01-22 12:15:00,31596.85
2021-01-22 12:16:00,31606.55
2021-01-22 12:17:00,31610.45
2021-01-22 12:18:00,31629.15
2021-01-22 12:19:00,31639.85
2021-01-22 12:20:00,31630.8
2021-01-22 12:21:00,31630.75
2021-01-22 12:22:00,31659.55
2021-01-22 12:23:00,31641.05
2021-01-22 12:24:00,31644.75
2021-01-22 12:25:00,31666.9
2021-01-22 12:26:00,31627.45
2021-01-22 12:27:00,31618.3
2021-01-22 12:28:00,31600.0
2021-01-22 12:29:00,31610.5
2021-01-22 12:30:00,31607.15
2021-01-22 12:31:00,31584.05
2021-01-22 12:32:00,31616.1
2021-01-22 12:33:00,31605.4
2021-01-22 12:34:00,31595.15
2021-01-22 12:35:00,31585.15
2021-01-22 12:36:00,31601.0
2021-01-22 12:37:00,31567.35
2021-01-22 12:38:00,31571.55
2021-01-22 12:39:00,31579.55
2021-01-22 12:40:00,31577.7
2021-01-22 12:41:00,31548.9
2021-01-22 12:42:00,31563.05
2021-01-22 12:43:00,31542.05
2021-01-22 12:44:00,31522.95
2021-01-22 12:45:00,31518.6
2021-01-22 12:46:00,31540.55
2021-01-22 12:47:00,31539.3
2021-01-22 12:48:00,31543.15
2021-01-22 12:49:00,31546.4
2021-01-22 12:50:00,31514.85
2021-01-22 12:51:00,31519.1
2021-01-22 12:52:00,31500.05
2021-01-22 12:53:00,31463.05
2021-01-22 12:54:00,31437.05
2021-01-22 12:55:00,31427.95
2021-01-22 12:56:00,31447.8
2021-01-22 12:57:00,31456.25
2021-01-22 12:58:00,31423.25
2021-01-22 12:59:00,31413.5
2021-01-22 13:00:00,31372.75
2021-01-22 13:01:00,31366.85
2021-01-22 13:02:00,31347.7
2021-01-22 13:03:00,31336.3
2021-01-22 13:04:00,31361.4
2021-01-22 13:05:00,31398.45
2021-01-22 13:06:00,31371.9
2021-01-22 13:07:00,31384.45
2021-01-22 13:08:00,31370.6
2021-01-22 13:09:00,31359.15
2021-01-22 13:10:00,31338.35
2021-01-22 13:11:00,31304.3
2021-01-22 13:12:00,31311.25
2021-01-22 13:13:00,31298.5
2021-01-22 13:14:00,31273.45
2021-01-22 13:15:00,31315.95
2021-01-22 13:16:00,31317.5
2021-01-22 13:17:00,31348.45
2021-01-22 13:18:00,31370.25
2021-01-22 13:19:00,31383.0
2021-01-22 13:20:00,31424.5
2021-01-22 13:21:00,31421.4
2021-01-22 13:22:00,31385.05
2021-01-22 13:23:00,31355.7
2021-01-22 13:24:00,31379.65
2021-01-22 13:25:00,31355.0
2021-01-22 13:26:00,31362.0
2021-01-22 13:27:00,31394.5
2021-01-22 13:28:00,31386.5
2021-01-22 13:29:00,31386.6
2021-01-22 13:30:00,31358.15
2021-01-22 13:31:00,31320.15
2021-01-22 13:32:00,31307.85
2021-01-22 13:33:00,31316.3
2021-01-22 13:34:00,31324.15
2021-01-22 13:35:00,31315.05
2021-01-22 13:36:00,31326.3
2021-01-22 13:37:00,31279.75
2021-01-22 13:38:00,31243.3
2021-01-22 13:39:00,31213.3
2021-01-22 13:40:00,31170.7
2021-01-22 13:41:00,31182.4
2021-01-22 13:42:00,31190.35
2021-01-22 13:43:00,31171.35
2021-01-22 13:44:00,31193.15
2021-01-22 13:45:00,31193.7
2021-01-22 13:46:00,31246.4
2021-01-22 13:47:00,31246.1
2021-01-22 13:48:00,31261.85
2021-01-22 13:49:00,31200.5
2021-01-22 13:50:00,31232.3
2021-01-22 13:51:00,31199.7
2021-01-22 13:52:00,31191.55
2021-01-22 13:53:00,31190.05
2021-01-22 13:54:00,31187.0
2021-01-22 13:55:00,31224.7
2021-01-22 13:56:00,31227.05
2021-01-22 13:57:00,31228.3
2021-01-22 13:58:00,31195.95
2021-01-22 13:59:00,31157.5
2021-01-22 14:00:00,31196.05
2021-01-22 14:01:00,31216.9
2021-01-22 14:02:00,31214.7
2021-01-22 14:03:00,31233.3
2021-01-22 14:04:00,31276.5
2021-01-22 14:05:00,31321.45
2021-01-22 14:06:00,31354.9
2021-01-22 14:07:00,31275.5
2021-01-22 14:08:00,31254.05
2021-01-22 14:09:00,31246.1
2021-01-22 14:10:00,31215.3
2021-01-22 14:11:00,31223.9
2021-01-22 14:12:00,31206.15
2021-01-22 14:13:00,31219.7
2021-01-22 14:14:00,31201.65
2021-01-22 14:15:00,31253.25
2021-01-22 14:16:00,31211.25
2021-01-22 14:17:00,31223.2
2021-01-22 14:18:00,31234.6
2021-01-22 14:19:00,31236.8
2021-01-22 14:20:00,31246.9
2021-01-22 14:21:00,31247.75
2021-01-22 14:22:00,31222.85
2021-01-22 14:23:00,31236.85
2021-01-22 14:24:00,31247.9
2021-01-22 14:25:00,31258.75
2021-01-22 14:26:00,31287.8
2021-01-22 14:27:00,31297.4
2021-01-22 14:28:00,31316.4
2021-01-22 14:29:00,31330.5
2021-01-22 14:30:00,31417.9
2021-01-22 14:31:00,31381.4
2021-01-22 14:32:00,31337.2
2021-01-22 14:33:00,31344.2
2021-01-22 14:34:00,31282.85
2021-01-22 14:35:00,31199.25
2021-01-22 14:36:00,31205.85
2021-01-22 14:37:00,31199.1
2021-01-22 14:38:00,31211.55
2021-01-22 14:39:00,31174.55
2021-01-22 14:40:00,31252.0
2021-01-22 14:41:00,31232.05
2021-01-22 14:42:00,31225.55
2021-01-22 14:43:00,31197.35
2021-01-22 14:44:00,31214.5
2021-01-22 14:45:00,31200.85
2021-01-22 14:46:00,31192.35
2021-01-22 14:47:00,31215.2
2021-01-22 14:48:00,31208.1
2021-01-22 14:49:00,31222.45
2021-01-22 14:50:00,31213.95
2021-01-22 14:51:00,31237.05
2021-01-22 14:52:00,31232.1
2021-01-22 14:53:00,31240.5
2021-01-22 14:54:00,31240.0
2021-01-22 14:55:00,31220.5
2021-01-22 14:56:00,31257.1
2021-01-22 14:57:00,31302.45
2021-01-22 14:58:00,31272.45
2021-01-22 14:59:00,31276.25
2021-01-22 15:00:00,31214.35
2021-01-22 15:01:00,31206.25
2021-01-22 15:02:00,31146.65
2021-01-22 15:03:00,31151.1
2021-01-22 15:04:00,31149.15
2021-01-22 15:05:00,31171.15
2021-01-22 15:06:00,31182.1
2021-01-22 15:07:00,31199.75
2021-01-22 15:08:00,31201.3
2021-01-22 15:09:00,31192.75
2021-01-22 15:10:00,31206.45
2021-01-22 15:11:00,31214.25
2021-01-22 15:12:00,31190.3
2021-01-22 15:13:00,31163.5
2021-01-22 15:14:00,31176.05
2021-01-22 15:15:00,31200.55
2021-01-22 15:16:00,31196.35
2021-01-22 15:17:00,31196.15
2021-01-22 15:18:00,31195.45
2021-01-22 15:19:00,31200.5
2021-01-22 15:20:00,31175.05
2021-01-22 15:21:00,31162.75
2021-01-22 15:22:00,31173.4
2021-01-22 15:23:00,31175.65
2021-01-22 15:24:00,31181.85
2021-01-22 15:25:00,31154.45
2021-01-22 15:26:00,31147.6
2021-01-22 15:27:00,31133.25
2021-01-22 15:28:00,31140.1
2021-01-22 15:29:00,31179.7
2021-01-25 09:15:00,31521.55
2021-01-25 09:16:00,31570.75
2021-01-25 09:17:00,31577.75
2021-01-25 09:18:00,31585.9
2021-01-25 09:19:00,31535.4
2021-01-25 09:20:00,31544.25
2021-01-25 09:21:00,31551.3
2021-01-25 09:22:00,31560.4
2021-01-25 09:23:00,31552.7
2021-01-25 09:24:00,31520.8
2021-01-25 09:25:00,31515.35
2021-01-25 09:26:00,31543.55
2021-01-25 09:27:00,31564.25
2021-01-25 09:28:00,31510.2
2021-01-25 09:29:00,31509.3
2021-01-25 09:30:00,31510.85
2021-01-25 09:31:00,31492.65
2021-01-25 09:32:00,31505.05
2021-01-25 09:33:00,31490.6
2021-01-25 09:34:00,31504.3
2021-01-25 09:35:00,31504.55
2021-01-25 09:36:00,31499.95
2021-01-25 09:37:00,31457.95
2021-01-25 09:38:00,31414.9
2021-01-25 09:39:00,31408.3
2021-01-25 09:40:00,31265.55
2021-01-25 09:41:00,31293.75
2021-01-25 09:42:00,31163.85
2021-01-25 09:43:00,31185.25
2021-01-25 09:44:00,31205.6
2021-01-25 09:45:00,31147.5
2021-01-25 09:46:00,31104.25
2021-01-25 09:47:00,31093.9
2021-01-25 09:48:00,31063.95
2021-01-25 09:49:00,31101.7
2021-01-25 09:50:00,31247.65
2021-01-25 09:51:00,31225.25
2021-01-25 09:52:00,31255.55
2021-01-25 09:53:00,31285.9
2021-01-25 09:54:00,31282.75
2021-01-25 09:55:00,31219.45
2021-01-25 09:56:00,31253.35
2021-01-25 09:57:00,31256.2
2021-01-25 09:58:00,31264.7
2021-01-25 09:59:00,31299.7
2021-01-25 10:00:00,31297.0
2021-01-25 10:01:00,31322.3
2021-01-25 10:02:00,31395.9
2021-01-25 10:03:00,31437.05
2021-01-25 10:04:00,31439.25
2021-01-25 10:05:00,31521.1
2021-01-25 10:06:00,31533.05
2021-01-25 10:07:00,31526.95
2021-01-25 10:08:00,31484.65
2021-01-25 10:09:00,31455.2
2021-01-25 10:10:00,31415.8
2021-01-25 10:11:00,31462.15
2021-01-25 10:12:00,31483.8
2021-01-25 10:13:00,31479.5
2021-01-25 10:14:00,31471.75
2021-01-25 10:15:00,31536.35
2021-01-25 10:16:00,31537.1
2021-01-25 10:17:00,31539.25
2021-01-25 10:18:00,31537.95
2021-01-25 10:19:00,31548.2
2021-01-25 10:20:00,31535.0
2021-01-25 10:21:00,31544.15
2021-01-25 10:22:00,31527.4
2021-01-25 10:23:00,31525.3
2021-01-25 10:24:00,31538.85
2021-01-25 10:25:00,31552.35
2021-01-25 10:26:00,31519.3
2021-01-25 10:27:00,31531.75
2021-01-25 10:28:00,31518.25
2021-01-25 10:29:00,31532.2
2021-01-25 10:30:00,31649.2
2021-01-25 10:31:00,31652.8
2021-01-25 10:32:00,31633.65
2021-01-25 10:33:00,31668.6
2021-01-25 10:34:00,31643.55
2021-01-25 10:35:00,31627.9
2021-01-25 10:36:00,31612.1
2021-01-25 10:37:00,31640.3
2021-01-25 10:38:00,31616.8
2021-01-25 10:39:00,31632.95
2021-01-25 10:40:00,31587.85
2021-01-25 10:41:00,31571.15
2021-01-25 10:42:00,31577.9
2021-01-25 10:43:00,31570.85
2021-01-25 10:44:00,31531.05
2021-01-25 10:45:00,31460.85
2021-01-25 10:46:00,31510.95
2021-01-25 10:47:00,31544.65
2021-01-25 10:48:00,31583.25
2021-01-25 10:49:00,31547.35
2021-01-25 10:50:00,31567.3
2021-01-25 10:51:00,31584.05
2021-01-25 10:52:00,31605.4
2021-01-25 10:53:00,31603.4
2021-01-25 10:54:00,31604.0
2021-01-25 10:55:00,31589.45
2021-01-25 10:56:00,31583.65
2021-01-25 10:57:00,31566.65
2021-01-25 10:58:00,31567.3
2021-01-25 10:59:00,31572.95
2021-01-25 11:00:00,31592.7
2021-01-25 11:01:00,31583.2
2021-01-25 11:02:00,31560.85
2021-01-25 11:03:00,31581.45
2021-01-25 11:04:00,31585.6
2021-01-25 11:05:00,31588.8
2021-01-25 11:06:00,31565.9
2021-01-25 11:07:00,31577.75
2021-01-25 11:08:00,31580.15
2021-01-25 11:09:00,31608.55
2021-01-25 11:10:00,31605.55
2021-01-25 11:11:00,31599.1
2021-01-25 11:12:00,31614.95
2021-01-25 11:13:00,31631.55
2021-01-25 11:14:00,31635.3
2021-01-25 11:15:00,31627.45
2021-01-25 11:16:00,31556.85
2021-01-25 11:17:00,31545.5
2021-01-25 11:18:00,31556.35
2021-01-25 11:19:00,31514.0
2021-01-25 11:20:00,31510.85
2021-01-25 11:21:00,31504.05
2021-01-25 11:22:00,31507.05
2021-01-25 11:23:00,31534.8
2021-01-25 11:24:00,31462.45
2021-01-25 11:25:00,31468.3
2021-01-25 11:26:00,31518.8
2021-01-25 11:27:00,31484.55
2021-01-25 11:28:00,31480.45
2021-01-25 11:29:00,31497.85
2021-01-25 11:30:00,31491.9
2021-01-25 11:31:00,31485.85
2021-01-25 11:32:00,31459.7
2021-01-25 11:33:00,31504.95
2021-01-25 11:34:00,31512.85
2021-01-25 11:35:00,31563.5
2021-01-25 11:36:00,31541.65
2021-01-25 11:37:00,31521.4
2021-01-25 11:38:00,31497.35
2021-01-25 11:39:00,31476.8
2021-01-25 11:40:00,31494.9
2021-01-25 11:41:00,31499.8
2021-01-25 11:42:00,31490.65
2021-01-25 11:43:00,31485.75
2021-01-25 11:44:00,31460.0
2021-01-25 11:45:00,31381.75
2021-01-25 11:46:00,31426.95
2021-01-25 11:47:00,31422.15
2021-01-25 11:48:00,31435.95
2021-01-25 11:49:00,31430.95
2021-01-25 11:50:00,31410.6
2021-01-25 11:51:00,31386.9
2021-01-25 11:52:00,31408.05
2021-01-25 11:53:00,31418.85
2021-01-25 11:54:00,31397.35
2021-01-25 11:55:00,31372.25
2021-01-25 11:56:00,31402.5
2021-01-25 11:57:00,31380.8
2021-01-25 11:58:00,31355.85
2021-01-25 11:59:00,31349.35
2021-01-25 12:00:00,31336.2
2021-01-25 12:01:00,31382.0
2021-01-25 12:02:00,31392.2
2021-01-25 12:03:00,31384.5
2021-01-25 12:04:00,31384.6
2021-01-25 12:05:00,31379.9
2021-01-25 12:06:00,31389.35
2021-01-25 12:07:00,31406.4
2021-01-25 12:08:00,31469.7
2021-01-25 12:09:00,31455.15
2021-01-25 12:10:00,31432.2
2021-01-25 12:11:00,31426.25
2021-01-25 12:12:00,31446.5
2021-01-25 12:13:00,31460.15
2021-01-25 12:14:00,31447.45
2021-01-25 12:15:00,31406.85
2021-01-25 12:16:00,31411.8
2021-01-25 12:17:00,31416.45
2021-01-25 12:18:00,31426.35
2021-01-25 12:19:00,31431.25
2021-01-25 12:20:00,31435.55
2021-01-25 12:21:00,31439.55
2021-01-25 12:22:00,31422.85
2021-01-25 12:23:00,31414.4
2021-01-25 12:24:00,31426.5
2021-01-25 12:25:00,31438.9
2021-01-25 12:26:00,31457.75
2021-01-25 12:27:00,31472.5
2021-01-25 12:28:00,31419.1
2021-01-25 12:29:00,31410.0
2021-01-25 12:30:00,31440.85
2021-01-25 12:31:00,31432.7
2021-01-25 12:32:00,31447.4
2021-01-25 12:33:00,31459.4
2021-01-25 12:34:00,31467.1
2021-01-25 12:35:00,31455.3
2021-01-25 12:36:00,31461.3
2021-01-25 12:37:00,31445.35
2021-01-25 12:38:00,31459.7
2021-01-25 12:39:00,31478.4
2021-01-25 12:40:00,31515.85
2021-01-25 12:41:00,31518.25
2021-01-25 12:42:00,31526.05
2021-01-25 12:43:00,31507.15
2021-01-25 12:44:00,31505.95
2021-01-25 12:45:00,31523.2
2021-01-25 12:46:00,31536.4
2021-01-25 12:47:00,31519.55
2021-01-25 12:48:00,31482.05
2021-01-25 12:49:00,31462.3
2021-01-25 12:50:00,31486.65
2021-01-25 12:51:00,31478.2
2021-01-25 12:52:00,31493.2
2021-01-25 12:53:00,31480.25
2021-01-25 12:54:00,31498.7
2021-01-25 12:55:00,31530.75
2021-01-25 12:56:00,31527.55
2021-01-25 12:57:00,31533.35
2021-01-25 12:58:00,31516.45
2021-01-25 12:59:00,31530.05
2021-01-25 13:00:00,31543.55
2021-01-25 13:01:00,31503.5
2021-01-25 13:02:00,31501.8
2021-01-25 13:03:00,31530.2
2021-01-25 13:04:00,31518.6
2021-01-25 13:05:00,31537.65
2021-01-25 13:06:00,31517.8
2021-01-25 13:07:00,31506.05
2021-01-25 13:08:00,31510.95
2021-01-25 13:09:00,31521.95
2021-01-25 13:10:00,31547.95
2021-01-25 13:11:00,31565.6
2021-01-25 13:12:00,31563.95
2021-01-25 13:13:00,31545.45
2021-01-25 13:14:00,31572.05
2021-01-25 13:15:00,31578.65
2021-01-25 13:16:00,31569.2
2021-01-25 13:17:00,31561.45
2021-01-25 13:18:00,31552.45
2021-01-25 13:19:00,31554.75
2021-01-25 13:20:00,31523.5
2021-01-25 13:21:00,31519.2
2021-01-25 13:22:00,31534.45
2021-01-25 13:23:00,31566.25
2021-01-25 13:24:00,31575.7
2021-01-25 13:25:00,31587.4
2021-01-25 13:26:00,31565.7
2021-01-25 13:27:00,31609.55
2021-01-25 13:28:00,31612.4
2021-01-25 13:29:00,31617.6
2021-01-25 13:30:00,31588.15
2021-01-25 13:31:00,31582.05
2021-01-25 13:32:00,31579.0
2021-01-25 13:33:00,31575.0
2021-01-25 13:34:00,31543.65
2021-01-25 13:35:00,31549.05
2021-01-25 13:36:00,31539.95
2021-01-25 13:37:00,31521.05
2021-01-25 13:38:00,31496.0
2021-01-25 13:39:00,31515.05
2021-01-25 13:40:00,31542.6
2021-01-25 13:41:00,31493.95
2021-01-25 13:42:00,31468.45
2021-01-25 13:43:00,31497.9
2021-01-25 13:44:00,31473.05
2021-01-25 13:45:00,31414.45
2021-01-25 13:46:00,31434.6
2021-01-25 13:47:00,31432.65
2021-01-25 13:48:00,31409.6
2021-01-25 13:49:00,31422.05
2021-01-25 13:50:00,31447.35
2021-01-25 13:51:00,31497.45
2021-01-25 13:52:00,31508.95
2021-01-25 13:53:00,31466.2
2021-01-25 13:54:00,31472.7
2021-01-25 13:55:00,31484.5
2021-01-25 13:56:00,31457.75
2021-01-25 13:57:00,31444.95
2021-01-25 13:58:00,31442.45
2021-01-25 13:59:00,31433.7
2021-01-25 14:00:00,31472.4
2021-01-25 14:01:00,31480.8
2021-01-25 14:02:00,31450.9
2021-01-25 14:03:00,31436.3
2021-01-25 14:04:00,31338.05
2021-01-25 14:05:00,31277.95
2021-01-25 14:06:00,31292.55
2021-01-25 14:07:00,31259.65
2021-01-25 14:08:00,31213.55
2021-01-25 14:09:00,31236.9
2021-01-25 14:10:00,31215.6
2021-01-25 14:11:00,31198.9
2021-01-25 14:12:00,31200.75
2021-01-25 14:13:00,31241.0
2021-01-25 14:14:00,31296.75
2021-01-25 14:15:00,31219.65
2021-01-25 14:16:00,31249.6
2021-01-25 14:17:00,31233.6
2021-01-25 14:18:00,31252.2
2021-01-25 14:19:00,31261.2
2021-01-25 14:20:00,31270.35
2021-01-25 14:21:00,31265.3
2021-01-25 14:22:00,31188.8
2021-01-25 14:23:00,31163.65
2021-01-25 14:24:00,31139.15
2021-01-25 14:25:00,31151.8
2021-01-25 14:26:00,31117.7
2021-01-25 14:27:00,31088.1
2021-01-25 14:28:00,31077.7
2021-01-25 14:29:00,31086.4
2021-01-25 14:30:00,31054.6
2021-01-25 14:31:00,31069.7
2021-01-25 14:32:00,31153.2
2021-01-25 14:33:00,31168.8
2021-01-25 14:34:00,31100.0
2021-01-25 14:35:00,31116.05
2021-01-25 14:36:00,31162.85
2021-01-25 14:37:00,31193.95
2021-01-25 14:38:00,31164.7
2021-01-25 14:39:00,31168.1
2021-01-25 14:40:00,31205.15
2021-01-25 14:41:00,31212.85
2021-01-25 14:42:00,31150.1
2021-01-25 14:43:00,31148.35
2021-01-25 14:44:00,31207.75
2021-01-25 14:45:00,31212.6
2021-01-25 14:46:00,31176.35
2021-01-25 14:47:00,31199.6
2021-01-25 14:48:00,31181.4
2021-01-25 14:49:00,31164.55
2021-01-25 14:50:00,31150.65
2021-01-25 14:51:00,31171.8
2021-01-25 14:52:00,31185.05
2021-01-25 14:53:00,31183.55
2021-01-25 14:54:00,31184.05
2021-01-25 14:55:00,31152.1
2021-01-25 14:56:00,31173.4
2021-01-25 14:57:00,31141.55
2021-01-25 14:58:00,31131.1
2021-01-25 14:59:00,31134.55
2021-01-25 15:00:00,31182.2
2021-01-25 15:01:00,31143.65
2021-01-25 15:02:00,31142.7
2021-01-25 15:03:00,31173.3
2021-01-25 15:04:00,31222.25
2021-01-25 15:05:00,31278.8
2021-01-25 15:06:00,31243.65
2021-01-25 15:07:00,31235.7
2021-01-25 15:08:00,31209.35
2021-01-25 15:09:00,31214.2
2021-01-25 15:10:00,31211.9
2021-01-25 15:11:00,31243.2
2021-01-25 15:12:00,31258.1
2021-01-25 15:13:00,31229.45
2021-01-25 15:14:00,31249.65
2021-01-25 15:15:00,31244.55
2021-01-25 15:16:00,31219.65
2021-01-25 15:17:00,31221.35
2021-01-25 15:18:00,31220.1
2021-01-25 15:19:00,31208.85
2021-01-25 15:20:00,31143.55
2021-01-25 15:21:00,31138.15
2021-01-25 15:22:00,31149.95
2021-01-25 15:23:00,31162.2
2021-01-25 15:24:00,31170.15
2021-01-25 15:25:00,31158.1
2021-01-25 15:26:00,31156.0
2021-01-25 15:27:00,31181.1
2021-01-25 15:28:00,31182.2
2021-01-25 15:29:00,31198.3
2021-01-27 09:15:00,31224.75
2021-01-27 09:16:00,31177.9
2021-01-27 09:17:00,31150.8
2021-01-27 09:18:00,31148.65
2021-01-27 09:19:00,31150.65
2021-01-27 09:20:00,31114.35
2021-01-27 09:21:00,31073.1
2021-01-27 09:22:00,31080.0
2021-01-27 09:23:00,31047.7
2021-01-27 09:24:00,31059.5
2021-01-27 09:25:00,31028.7
2021-01-27 09:26:00,31109.65
2021-01-27 09:27:00,31126.8
2021-01-27 09:28:00,31109.5
2021-01-27 09:29:00,31099.95
2021-01-27 09:30:00,31079.95
2021-01-27 09:31:00,31068.2
2021-01-27 09:32:00,31066.9
2021-01-27 09:33:00,31064.85
2021-01-27 09:34:00,31046.4
2021-01-27 09:35:00,31049.7
2021-01-27 09:36:00,31001.7
2021-01-27 09:37:00,31006.45
2021-01-27 09:38:00,30959.9
2021-01-27 09:39:00,30935.85
2021-01-27 09:40:00,30955.05
2021-01-27 09:41:00,30950.5
2021-01-27 09:42:00,30947.1
2021-01-27 09:43:00,30950.55
2021-01-27 09:44:00,30932.3
2021-01-27 09:45:00,30866.5
2021-01-27 09:46:00,30860.35
2021-01-27 09:47:00,30838.45
2021-01-27 09:48:00,30853.9
2021-01-27 09:49:00,30841.7
2021-01-27 09:50:00,30825.2
2021-01-27 09:51:00,30819.95
2021-01-27 09:52:00,30847.15
2021-01-27 09:53:00,30895.25
2021-01-27 09:54:00,30877.6
2021-01-27 09:55:00,30934.35
2021-01-27 09:56:00,30907.1
2021-01-27 09:57:00,30923.9
2021-01-27 09:58:00,30907.65
2021-01-27 09:59:00,30881.2
2021-01-27 10:00:00,30870.1
2021-01-27 10:01:00,30871.45
2021-01-27 10:02:00,30874.05
2021-01-27 10:03:00,30895.05
2021-01-27 10:04:00,30884.35
2021-01-27 10:05:00,30911.2
2021-01-27 10:06:00,30896.15
2021-01-27 10:07:00,30946.35
2021-01-27 10:08:00,30954.3
2021-01-27 10:09:00,30940.65
2021-01-27 10:10:00,30931.0
2021-01-27 10:11:00,30935.45
2021-01-27 10:12:00,30952.3
2021-01-27 10:13:00,30960.6
2021-01-27 10:14:00,30981.85
2021-01-27 10:15:00,30931.45
2021-01-27 10:16:00,30935.3
2021-01-27 10:17:00,30903.9
2021-01-27 10:18:00,30905.2
2021-01-27 10:19:00,30927.45
2021-01-27 10:20:00,30904.6
2021-01-27 10:21:00,30942.65
2021-01-27 10:22:00,30925.65
2021-01-27 10:23:00,30918.95
2021-01-27 10:24:00,30875.8
2021-01-27 10:25:00,30892.4
2021-01-27 10:26:00,30910.75
2021-01-27 10:27:00,30902.45
2021-01-27 10:28:00,30895.6
2021-01-27 10:29:00,30892.5
2021-01-27 10:30:00,30898.35
2021-01-27 10:31:00,30885.35
2021-01-27 10:32:00,30891.1
2021-01-27 10:33:00,30876.9
2021-01-27 10:34:00,30886.0
2021-01-27 10:35:00,30924.85
2021-01-27 10:36:00,30934.0
2021-01-27 10:37:00,30938.55
2021-01-27 10:38:00,30954.25
2021-01-27 10:39:00,31003.9
2021-01-27 10:40:00,30974.9
2021-01-27 10:41:00,30950.0
2021-01-27 10:42:00,30944.7
2021-01-27 10:43:00,30927.9
2021-01-27 10:44:00,30911.55
2021-01-27 10:45:00,30922.8
2021-01-27 10:46:00,30936.4
2021-01-27 10:47:00,30918.65
2021-01-27 10:48:00,30942.95
2021-01-27 10:49:00,30926.3
2021-01-27 10:50:00,30937.4
2021-01-27 10:51:00,30934.55
2021-01-27 10:52:00,30937.6
2021-01-27 10:53:00,30945.5
2021-01-27 10:54:00,30943.7
2021-01-27 10:55:00,30971.7
2021-01-27 10:56:00,30955.95
2021-01-27 10:57:00,30980.7
2021-01-27 10:58:00,30997.65
2021-01-27 10:59:00,30978.7
2021-01-27 11:00:00,30976.85
2021-01-27 11:01:00,30994.65
2021-01-27 11:02:00,30967.75
2021-01-27 11:03:00,30984.9
2021-01-27 11:04:00,30969.35
2021-01-27 11:05:00,30982.5
2021-01-27 11:06:00,30978.8
2021-01-27 11:07:00,30965.55
2021-01-27 11:08:00,30958.6
2021-01-27 11:09:00,30974.0
2021-01-27 11:10:00,30998.6
2021-01-27 11:11:00,30971.65
2021-01-27 11:12:00,31007.7
2021-01-27 11:13:00,31062.2
2021-01-27 11:14:00,31088.7
2021-01-27 11:15:00,31076.3
2021-01-27 11:16:00,31046.9
2021-01-27 11:17:00,31041.45
2021-01-27 11:18:00,31038.25
2021-01-27 11:19:00,31056.85
2021-01-27 11:20:00,31083.4
2021-01-27 11:21:00,31104.55
2021-01-27 11:22:00,31102.5
2021-01-27 11:23:00,31108.6
2021-01-27 11:24:00,31145.6
2021-01-27 11:25:00,31156.35
2021-01-27 11:26:00,31134.65
2021-01-27 11:27:00,31108.8
2021-01-27 11:28:00,31111.8
2021-01-27 11:29:00,31104.85
2021-01-27 11:30:00,31100.1
2021-01-27 11:31:00,31079.8
2021-01-27 11:32:00,31062.25
2021-01-27 11:33:00,31057.2
2021-01-27 11:34:00,31073.7
2021-01-27 11:35:00,31089.1
2021-01-27 11:36:00,31026.7
2021-01-27 11:37:00,31009.65
2021-01-27 11:38:00,30947.15
2021-01-27 11:39:00,30929.9
2021-01-27 11:40:00,30889.8
2021-01-27 11:41:00,30874.1
2021-01-27 11:42:00,30866.7
2021-01-27 11:43:00,30853.1
2021-01-27 11:44:00,30872.1
2021-01-27 11:45:00,30877.4
2021-01-27 11:46:00,30840.95
2021-01-27 11:47:00,30820.0
2021-01-27 11:48:00,30826.8
2021-01-27 11:49:00,30783.3
2021-01-27 11:50:00,30818.65
2021-01-27 11:51:00,30807.05
2021-01-27 11:52:00,30799.5
2021-01-27 11:53:00,30827.6
2021-01-27 11:54:00,30806.7
2021-01-27 11:55:00,30826.1
2021-01-27 11:56:00,30786.3
2021-01-27 11:57:00,30779.7
2021-01-27 11:58:00,30749.95
2021-01-27 11:59:00,30760.5
2021-01-27 12:00:00,30764.55
2021-01-27 12:01:00,30763.15
2021-01-27 12:02:00,30742.2
2021-01-27 12:03:00,30741.85
2021-01-27 12:04:00,30748.55
2021-01-27 12:05:00,30740.55
2021-01-27 12:06:00,30748.8
2021-01-27 12:07:00,30787.75
2021-01-27 12:08:00,30770.3
2021-01-27 12:09:00,30765.25
2021-01-27 12:10:00,30779.9
2021-01-27 12:11:00,30744.35
2021-01-27 12:12:00,30742.15
2021-01-27 12:13:00,30756.8
2021-01-27 12:14:00,30768.0
2021-01-27 12:15:00,30780.6
2021-01-27 12:16:00,30750.5
2021-01-27 12:17:00,30745.1
2021-01-27 12:18:00,30742.6
2021-01-27 12:19:00,30775.85
2021-01-27 12:20:00,30788.15
2021-01-27 12:21:00,30798.1
2021-01-27 12:22:00,30777.6
2021-01-27 12:23:00,30780.45
2021-01-27 12:24:00,30792.05
2021-01-27 12:25:00,30812.0
2021-01-27 12:26:00,30831.0
2021-01-27 12:27:00,30809.25
2021-01-27 12:28:00,30796.85
2021-01-27 12:29:00,30778.3
2021-01-27 12:30:00,30766.4
2021-01-27 12:31:00,30770.75
2021-01-27 12:32:00,30775.55
2021-01-27 12:33:00,30761.1
2021-01-27 12:34:00,30764.1
2021-01-27 12:35:00,30736.8
2021-01-27 12:36:00,30722.7
2021-01-27 12:37:00,30693.1
2021-01-27 12:38:00,30690.1
2021-01-27 12:39:00,30695.9
2021-01-27 12:40:00,30683.3
2021-01-27 12:41:00,30677.35
2021-01-27 12:42:00,30690.85
2021-01-27 12:43:00,30683.5
2021-01-27 12:44:00,30692.75
2021-01-27 12:45:00,30693.05
2021-01-27 12:46:00,30670.4
2021-01-27 12:47:00,30674.4
2021-01-27 12:48:00,30642.85
2021-01-27 12:49:00,30654.45
2021-01-27 12:50:00,30679.65
2021-01-27 12:51:00,30674.1
2021-01-27 12:52:00,30660.55
2021-01-27 12:53:00,30662.6
2021-01-27 12:54:00,30646.3
2021-01-27 12:55:00,30683.55
2021-01-27 12:56:00,30683.75
2021-01-27 12:57:00,30682.35
2021-01-27 12:58:00,30671.7
2021-01-27 12:59:00,30697.3
2021-01-27 13:00:00,30685.4
2021-01-27 13:01:00,30668.15
2021-01-27 13:02:00,30661.1
2021-01-27 13:03:00,30658.5
2021-01-27 13:04:00,30636.2
2021-01-27 13:05:00,30652.65
2021-01-27 13:06:00,30647.35
2021-01-27 13:07:00,30658.25
2021-01-27 13:08:00,30649.7
2021-01-27 13:09:00,30646.1
2021-01-27 13:10:00,30646.15
2021-01-27 13:11:00,30668.65
2021-01-27 13:12:00,30668.15
2021-01-27 13:13:00,30647.75
2021-01-27 13:14:00,30665.0
2021-01-27 13:15:00,30660.05
2021-01-27 13:16:00,30695.1
2021-01-27 13:17:00,30698.7
2021-01-27 13:18:00,30685.45
2021-01-27 13:19:00,30691.95
2021-01-27 13:20:00,30696.45
2021-01-27 13:21:00,30694.7
2021-01-27 13:22:00,30665.05
2021-01-27 13:23:00,30652.55
2021-01-27 13:24:00,30644.25
2021-01-27 13:25:00,30621.05
2021-01-27 13:26:00,30592.45
2021-01-27 13:27:00,30616.9
2021-01-27 13:28:00,30626.4
2021-01-27 13:29:00,30615.35
2021-01-27 13:30:00,30564.4
2021-01-27 13:31:00,30534.35
2021-01-27 13:32:00,30490.95
2021-01-27 13:33:00,30513.1
2021-01-27 13:34:00,30487.15
2021-01-27 13:35:00,30485.35
2021-01-27 13:36:00,30490.95
2021-01-27 13:37:00,30480.25
2021-01-27 13:38:00,30499.9
2021-01-27 13:39:00,30489.2
2021-01-27 13:40:00,30432.9
2021-01-27 13:41:00,30447.65
2021-01-27 13:42:00,30460.6
2021-01-27 13:43:00,30453.1
2021-01-27 13:44:00,30419.05
2021-01-27 13:45:00,30436.9
2021-01-27 13:46:00,30455.2
2021-01-27 13:47:00,30450.55
2021-01-27 13:48:00,30469.5
2021-01-27 13:49:00,30446.5
2021-01-27 13:50:00,30468.6
2021-01-27 13:51:00,30474.45
2021-01-27 13:52:00,30480.35
2021-01-27 13:53:00,30475.2
2021-01-27 13:54:00,30484.25
2021-01-27 13:55:00,30461.55
2021-01-27 13:56:00,30445.4
2021-01-27 13:57:00,30392.15
2021-01-27 13:58:00,30376.2
2021-01-27 13:59:00,30360.7
2021-01-27 14:00:00,30354.0
2021-01-27 14:01:00,30351.55
2021-01-27 14:02:00,30323.8
2021-01-27 14:03:00,30345.7
2021-01-27 14:04:00,30336.45
2021-01-27 14:05:00,30364.65
2021-01-27 14:06:00,30359.4
2021-01-27 14:07:00,30374.65
2021-01-27 14:08:00,30355.75
2021-01-27 14:09:00,30351.2
2021-01-27 14:10:00,30288.2
2021-01-27 14:11:00,30287.8
2021-01-27 14:12:00,30273.1
2021-01-27 14:13:00,30265.05
2021-01-27 14:14:00,30258.9
2021-01-27 14:15:00,30235.95
2021-01-27 14:16:00,30216.3
2021-01-27 14:17:00,30210.45
2021-01-27 14:18:00,30243.4
2021-01-27 14:19:00,30284.55
2021-01-27 14:20:00,30285.15
2021-01-27 14:21:00,30268.25
2021-01-27 14:22:00,30279.15
2021-01-27 14:23:00,30278.85
2021-01-27 14:24:00,30282.9
2021-01-27 14:25:00,30310.1
2021-01-27 14:26:00,30319.75
2021-01-27 14:27:00,30317.05
2021-01-27 14:28:00,30260.8
2021-01-27 14:29:00,30284.0
2021-01-27 14:30:00,30287.65
2021-01-27 14:31:00,30231.95
2021-01-27 14:32:00,30241.6
2021-01-27 14:33:00,30261.4
2021-01-27 14:34:00,30247.25
2021-01-27 14:35:00,30193.3
2021-01-27 14:36:00,30220.75
2021-01-27 14:37:00,30196.45
2021-01-27 14:38:00,30212.45
2021-01-27 14:39:00,30174.1
2021-01-27 14:40:00,30188.9
2021-01-27 14:41:00,30186.8
2021-01-27 14:42:00,30188.05
2021-01-27 14:43:00,30197.25
2021-01-27 14:44:00,30190.7
2021-01-27 14:45:00,30184.75
2021-01-27 14:46:00,30190.6
2021-01-27 14:47:00,30257.1
2021-01-27 14:48:00,30274.85
2021-01-27 14:49:00,30329.0
2021-01-27 14:50:00,30318.1
2021-01-27 14:51:00,30325.85
2021-01-27 14:52:00,30299.6
2021-01-27 14:53:00,30314.85
2021-01-27 14:54:00,30324.75
2021-01-27 14:55:00,30339.35
2021-01-27 14:56:00,30345.1
2021-01-27 14:57:00,30321.75
2021-01-27 14:58:00,30277.5
2021-01-27 14:59:00,30288.4
2021-01-27 15:00:00,30238.0
2021-01-27 15:01:00,30242.2
2021-01-27 15:02:00,30230.25
2021-01-27 15:03:00,30223.75
2021-01-27 15:04:00,30258.8
2021-01-27 15:05:00,30284.7
2021-01-27 15:06:00,30298.9
2021-01-27 15:07:00,30285.25
2021-01-27 15:08:00,30272.9
2021-01-27 15:09:00,30295.9
2021-01-27 15:10:00,30275.35
2021-01-27 15:11:00,30265.65
2021-01-27 15:12:00,30284.1
2021-01-27 15:13:00,30267.9
2021-01-27 15:14:00,30280.2
2021-01-27 15:15:00,30330.3
2021-01-27 15:16:00,30330.5
2021-01-27 15:17:00,30318.05
2021-01-27 15:18:00,30328.1
2021-01-27 15:19:00,30327.05
2021-01-27 15:20:00,30301.1
2021-01-27 15:21:00,30283.75
2021-01-27 15:22:00,30294.0
2021-01-27 15:23:00,30280.95
2021-01-27 15:24:00,30281.05
2021-01-27 15:25:00,30286.8
2021-01-27 15:26:00,30287.8
2021-01-27 15:27:00,30279.9
2021-01-27 15:28:00,30291.65
2021-01-27 15:29:00,30295.75
2021-01-28 09:15:00,29992.45
2021-01-28 09:16:00,29936.5
2021-01-28 09:17:00,29893.55
2021-01-28 09:18:00,29896.75
2021-01-28 09:19:00,29875.8
2021-01-28 09:20:00,29832.85
2021-01-28 09:21:00,29801.8
2021-01-28 09:22:00,29713.85
2021-01-28 09:23:00,29725.3
2021-01-28 09:24:00,29756.85
2021-01-28 09:25:00,29791.95
2021-01-28 09:26:00,29769.45
2021-01-28 09:27:00,29793.35
2021-01-28 09:28:00,29830.75
2021-01-28 09:29:00,29810.55
2021-01-28 09:30:00,29824.05
2021-01-28 09:31:00,29840.5
2021-01-28 09:32:00,29824.9
2021-01-28 09:33:00,29840.9
2021-01-28 09:34:00,29901.0
2021-01-28 09:35:00,29945.15
2021-01-28 09:36:00,29994.15
2021-01-28 09:37:00,30001.45
2021-01-28 09:38:00,30009.45
2021-01-28 09:39:00,29969.1
2021-01-28 09:40:00,29966.6
2021-01-28 09:41:00,29950.7
2021-01-28 09:42:00,29945.45
2021-01-28 09:43:00,29941.45
2021-01-28 09:44:00,30014.3
2021-01-28 09:45:00,29980.0
2021-01-28 09:46:00,30002.15
2021-01-28 09:47:00,29984.55
2021-01-28 09:48:00,29955.75
2021-01-28 09:49:00,29972.95
2021-01-28 09:50:00,29974.0
2021-01-28 09:51:00,29941.95
2021-01-28 09:52:00,29969.35
2021-01-28 09:53:00,29954.1
2021-01-28 09:54:00,29964.8
2021-01-28 09:55:00,29925.65
2021-01-28 09:56:00,29951.5
2021-01-28 09:57:00,29951.55
2021-01-28 09:58:00,29926.65
2021-01-28 09:59:00,29941.4
2021-01-28 10:00:00,29978.05
2021-01-28 10:01:00,29974.85
2021-01-28 10:02:00,29964.15
2021-01-28 10:03:00,29984.6
2021-01-28 10:04:00,29977.95
2021-01-28 10:05:00,29942.3
2021-01-28 10:06:00,29989.85
2021-01-28 10:07:00,29983.2
2021-01-28 10:08:00,29983.2
2021-01-28 10:09:00,29989.8
2021-01-28 10:10:00,29986.15
2021-01-28 10:11:00,29980.75
2021-01-28 10:12:00,29979.4
2021-01-28 10:13:00,29962.25
2021-01-28 10:14:00,29965.35
2021-01-28 10:15:00,30028.65
2021-01-28 10:16:00,30083.15
2021-01-28 10:17:00,30075.25
2021-01-28 10:18:00,30085.35
2021-01-28 10:19:00,30104.35
2021-01-28 10:20:00,30124.9
2021-01-28 10:21:00,30069.2
2021-01-28 10:22:00,30075.45
2021-01-28 10:23:00,30088.15
2021-01-28 10:24:00,30070.8
2021-01-28 10:25:00,30051.9
2021-01-28 10:26:00,30026.4
2021-01-28 10:27:00,29965.35
2021-01-28 10:28:00,29940.15
2021-01-28 10:29:00,29944.35
2021-01-28 10:30:00,29890.45
2021-01-28 10:31:00,29901.95
2021-01-28 10:32:00,29929.1
2021-01-28 10:33:00,29933.95
2021-01-28 10:34:00,29947.5
2021-01-28 10:35:00,29941.1
2021-01-28 10:36:00,29924.85
2021-01-28 10:37:00,29929.8
2021-01-28 10:38:00,29926.5
2021-01-28 10:39:00,29921.4
2021-01-28 10:40:00,29900.15
2021-01-28 10:41:00,29908.45
2021-01-28 10:42:00,29892.75
2021-01-28 10:43:00,29902.9
2021-01-28 10:44:00,29901.35
2021-01-28 10:45:00,29913.3
2021-01-28 10:46:00,29916.45
2021-01-28 10:47:00,29922.45
2021-01-28 10:48:00,29905.05
2021-01-28 10:49:00,29909.75
2021-01-28 10:50:00,29922.6
2021-01-28 10:51:00,29923.2
2021-01-28 10:52:00,29925.15
2021-01-28 10:53:00,29965.7
2021-01-28 10:54:00,29951.6
2021-01-28 10:55:00,29969.55
2021-01-28 10:56:00,29974.0
2021-01-28 10:57:00,30000.9
2021-01-28 10:58:00,30007.05
2021-01-28 10:59:00,29992.75
2021-01-28 11:00:00,29980.6
2021-01-28 11:01:00,29979.25
2021-01-28 11:02:00,29967.05
2021-01-28 11:03:00,29986.55
2021-01-28 11:04:00,30001.85
2021-01-28 11:05:00,30031.85
2021-01-28 11:06:00,30019.35
2021-01-28 11:07:00,30012.9
2021-01-28 11:08:00,30018.7
2021-01-28 11:09:00,30034.75
2021-01-28 11:10:00,30018.2
2021-01-28 11:11:00,29999.25
2021-01-28 11:12:00,30014.4
2021-01-28 11:13:00,30020.75
2021-01-28 11:14:00,30002.95
2021-01-28 11:15:00,29993.2
2021-01-28 11:16:00,29987.45
2021-01-28 11:17:00,30001.3
2021-01-28 11:18:00,29995.3
2021-01-28 11:19:00,30003.6
2021-01-28 11:20:00,29994.95
2021-01-28 11:21:00,29997.85
2021-01-28 11:22:00,30006.85
2021-01-28 11:23:00,30013.95
2021-01-28 11:24:00,30020.85
2021-01-28 11:25:00,30029.6
2021-01-28 11:26:00,30022.45
2021-01-28 11:27:00,30031.8
2021-01-28 11:28:00,30028.05
2021-01-28 11:29:00,30019.55
2021-01-28 11:30:00,29998.0
2021-01-28 11:31:00,30005.85
2021-01-28 11:32:00,30011.6
2021-01-28 11:33:00,30009.15
2021-01-28 11:34:00,30009.3
2021-01-28 11:35:00,29986.55
2021-01-28 11:36:00,29956.1
2021-01-28 11:37:00,29970.35
2021-01-28 11:38:00,29975.3
2021-01-28 11:39:00,29981.8
2021-01-28 11:40:00,29977.8
2021-01-28 11:41:00,29963.95
2021-01-28 11:42:00,29975.75
2021-01-28 11:43:00,29996.65
2021-01-28 11:44:00,29985.1
2021-01-28 11:45:00,29992.15
2021-01-28 11:46:00,30006.15
2021-01-28 11:47:00,29993.25
2021-01-28 11:48:00,29989.3
2021-01-28 11:49:00,29973.35
2021-01-28 11:50:00,29978.15
2021-01-28 11:51:00,29980.7
2021-01-28 11:52:00,30003.3
2021-01-28 11:53:00,29990.65
2021-01-28 11:54:00,29965.35
2021-01-28 11:55:00,29981.05
2021-01-28 11:56:00,29987.0
2021-01-28 11:57:00,29991.65
2021-01-28 11:58:00,30002.45
2021-01-28 11:59:00,29998.15
2021-01-28 12:00:00,30012.1
2021-01-28 12:01:00,30003.0
2021-01-28 12:02:00,29993.25
2021-01-28 12:03:00,29982.85
2021-01-28 12:04:00,29987.7
2021-01-28 12:05:00,30011.3
2021-01-28 12:06:00,29980.85
2021-01-28 12:07:00,29999.3
2021-01-28 12:08:00,29997.35
2021-01-28 12:09:00,29995.3
2021-01-28 12:10:00,30015.3
2021-01-28 12:11:00,30020.1
2021-01-28 12:12:00,30023.8
2021-01-28 12:13:00,30021.8
2021-01-28 12:14:00,30002.2
2021-01-28 12:15:00,30033.25
2021-01-28 12:16:00,30085.5
2021-01-28 12:17:00,30063.15
2021-01-28 12:18:00,30073.6
2021-01-28 12:19:00,30085.1
2021-01-28 12:20:00,30065.95
2021-01-28 12:21:00,30100.1
2021-01-28 12:22:00,30106.35
2021-01-28 12:23:00,30098.35
2021-01-28 12:24:00,30069.3
2021-01-28 12:25:00,30066.65
2021-01-28 12:26:00,30050.65
2021-01-28 12:27:00,29985.7
2021-01-28 12:28:00,29939.55
2021-01-28 12:29:00,29926.6
2021-01-28 12:30:00,29951.75
2021-01-28 12:31:00,29939.7
2021-01-28 12:32:00,29936.05
2021-01-28 12:33:00,29921.55
2021-01-28 12:34:00,29928.6
2021-01-28 12:35:00,29877.15
2021-01-28 12:36:00,29860.95
2021-01-28 12:37:00,29849.8
2021-01-28 12:38:00,29851.8
2021-01-28 12:39:00,29834.45
2021-01-28 12:40:00,29868.45
2021-01-28 12:41:00,29859.15
2021-01-28 12:42:00,29835.6
2021-01-28 12:43:00,29849.4
2021-01-28 12:44:00,29858.65
2021-01-28 12:45:00,29805.55
2021-01-28 12:46:00,29829.5
2021-01-28 12:47:00,29829.9
2021-01-28 12:48:00,29796.5
2021-01-28 12:49:00,29784.2
2021-01-28 12:50:00,29807.8
2021-01-28 12:51:00,29785.9
2021-01-28 12:52:00,29799.55
2021-01-28 12:53:00,29805.9
2021-01-28 12:54:00,29819.45
2021-01-28 12:55:00,29822.2
2021-01-28 12:56:00,29840.65
2021-01-28 12:57:00,29833.85
2021-01-28 12:58:00,29835.7
2021-01-28 12:59:00,29832.05
2021-01-28 13:00:00,29816.15
2021-01-28 13:01:00,29820.5
2021-01-28 13:02:00,29763.75
2021-01-28 13:03:00,29770.75
2021-01-28 13:04:00,29728.35
2021-01-28 13:05:00,29720.5
2021-01-28 13:06:00,29735.05
2021-01-28 13:07:00,29741.75
2021-01-28 13:08:00,29748.95
2021-01-28 13:09:00,29766.3
2021-01-28 13:10:00,29742.45
2021-01-28 13:11:00,29757.25
2021-01-28 13:12:00,29745.4
2021-01-28 13:13:00,29750.0
2021-01-28 13:14:00,29753.6
2021-01-28 13:15:00,29843.6
2021-01-28 13:16:00,29881.55
2021-01-28 13:17:00,29903.3
2021-01-28 13:18:00,29896.95
2021-01-28 13:19:00,29882.75
2021-01-28 13:20:00,29906.15
2021-01-28 13:21:00,29943.7
2021-01-28 13:22:00,29933.65
2021-01-28 13:23:00,29926.1
2021-01-28 13:24:00,29945.1
2021-01-28 13:25:00,29919.75
2021-01-28 13:26:00,29989.25
2021-01-28 13:27:00,29979.2
2021-01-28 13:28:00,30020.95
2021-01-28 13:29:00,30043.4
2021-01-28 13:30:00,30078.55
2021-01-28 13:31:00,30003.85
2021-01-28 13:32:00,29975.65
2021-01-28 13:33:00,29980.45
2021-01-28 13:34:00,29987.05
2021-01-28 13:35:00,30018.25
2021-01-28 13:36:00,30008.4
2021-01-28 13:37:00,30001.9
2021-01-28 13:38:00,29992.4
2021-01-28 13:39:00,30013.3
2021-01-28 13:40:00,30022.15
2021-01-28 13:41:00,30067.9
2021-01-28 13:42:00,30050.85
2021-01-28 13:43:00,30046.6
2021-01-28 13:44:00,30111.85
2021-01-28 13:45:00,30144.7
2021-01-28 13:46:00,30132.35
2021-01-28 13:47:00,30101.85
2021-01-28 13:48:00,30065.2
2021-01-28 13:49:00,30046.35
2021-01-28 13:50:00,30078.35
2021-01-28 13:51:00,30104.5
2021-01-28 13:52:00,30081.1
2021-01-28 13:53:00,30088.0
2021-01-28 13:54:00,30047.75
2021-01-28 13:55:00,29981.15
2021-01-28 13:56:00,29956.6
2021-01-28 13:57:00,29951.95
2021-01-28 13:58:00,29959.9
2021-01-28 13:59:00,29970.75
2021-01-28 14:00:00,29915.3
2021-01-28 14:01:00,29955.05
2021-01-28 14:02:00,29948.95
2021-01-28 14:03:00,29948.85
2021-01-28 14:04:00,29953.65
2021-01-28 14:05:00,30049.2
2021-01-28 14:06:00,30038.8
2021-01-28 14:07:00,30039.05
2021-01-28 14:08:00,30014.85
2021-01-28 14:09:00,30009.85
2021-01-28 14:10:00,30031.55
2021-01-28 14:11:00,30060.45
2021-01-28 14:12:00,30068.75
2021-01-28 14:13:00,30042.1
2021-01-28 14:14:00,30050.4
2021-01-28 14:15:00,30056.7
2021-01-28 14:16:00,30034.6
2021-01-28 14:17:00,30055.25
2021-01-28 14:18:00,30093.15
2021-01-28 14:19:00,30085.45
2021-01-28 14:20:00,30090.75
2021-01-28 14:21:00,30116.7
2021-01-28 14:22:00,30124.9
2021-01-28 14:23:00,30155.8
2021-01-28 14:24:00,30153.45
2021-01-28 14:25:00,30117.35
2021-01-28 14:26:00,30057.95
2021-01-28 14:27:00,29999.0
2021-01-28 14:28:00,30019.6
2021-01-28 14:29:00,29989.05
2021-01-28 14:30:00,29976.65
2021-01-28 14:31:00,30018.75
2021-01-28 14:32:00,30035.95
2021-01-28 14:33:00,30032.45
2021-01-28 14:34:00,30055.6
2021-01-28 14:35:00,30081.25
2021-01-28 14:36:00,30072.8
2021-01-28 14:37:00,30063.95
2021-01-28 14:38:00,30037.95
2021-01-28 14:39:00,30028.65
2021-01-28 14:40:00,30057.8
2021-01-28 14:41:00,30061.15
2021-01-28 14:42:00,30053.15
2021-01-28 14:43:00,30038.4
2021-01-28 14:44:00,30038.7
2021-01-28 14:45:00,30073.35
2021-01-28 14:46:00,30080.65
2021-01-28 14:47:00,30066.3
2021-01-28 14:48:00,30053.8
2021-01-28 14:49:00,30029.25
2021-01-28 14:50:00,30033.1
2021-01-28 14:51:00,30012.15
2021-01-28 14:52:00,30054.4
2021-01-28 14:53:00,30031.2
2021-01-28 14:54:00,30021.35
2021-01-28 14:55:00,30034.35
2021-01-28 14:56:00,30051.85
2021-01-28 14:57:00,30066.1
2021-01-28 14:58:00,30047.3
2021-01-28 14:59:00,30101.05
2021-01-28 15:00:00,30149.3
2021-01-28 15:01:00,30246.75
2021-01-28 15:02:00,30224.7
2021-01-28 15:03:00,30245.0
2021-01-28 15:04:00,30258.95
2021-01-28 15:05:00,30337.5
2021-01-28 15:06:00,30353.25
2021-01-28 15:07:00,30369.05
2021-01-28 15:08:00,30363.0
2021-01-28 15:09:00,30337.55
2021-01-28 15:10:00,30323.05
2021-01-28 15:11:00,30366.5
2021-01-28 15:12:00,30356.6
2021-01-28 15:13:00,30372.2
2021-01-28 15:14:00,30394.85
2021-01-28 15:15:00,30414.5
2021-01-28 15:16:00,30427.6
2021-01-28 15:17:00,30447.35
2021-01-28 15:18:00,30433.9
2021-01-28 15:19:00,30441.35
2021-01-28 15:20:00,30399.1
2021-01-28 15:21:00,30382.15
2021-01-28 15:22:00,30398.4
2021-01-28 15:23:00,30403.1
2021-01-28 15:24:00,30398.0
2021-01-28 15:25:00,30383.7
2021-01-28 15:26:00,30397.6
2021-01-28 15:27:00,30374.2
2021-01-28 15:28:00,30369.85
2021-01-28 15:29:00,30347.55
